Rainfall - (MM), Year, Statistics, Country, ISO3
15.7819, 1991, Jan Average, China, CHN
11.5589, 1991, Feb Average, China, CHN
34.9802, 1991, Mar Average, China, CHN
36.091, 1991, Apr Average, China, CHN
53.1658, 1991, May Average, China, CHN
104.215, 1991, Jun Average, China, CHN
118.325, 1991, Jul Average, China, CHN
87.8016, 1991, Aug Average, China, CHN
52.5347, 1991, Sep Average, China, CHN
25.4293, 1991, Oct Average, China, CHN
13.3635, 1991, Nov Average, China, CHN
13.1937, 1991, Dec Average, China, CHN
12.6969, 1992, Jan Average, China, CHN
20.6624, 1992, Feb Average, China, CHN
46.6507, 1992, Mar Average, China, CHN
32.8914, 1992, Apr Average, China, CHN
62.7347, 1992, May Average, China, CHN
91.2332, 1992, Jun Average, China, CHN
100.918, 1992, Jul Average, China, CHN
80.2817, 1992, Aug Average, China, CHN
53.7486, 1992, Sep Average, China, CHN
26.4683, 1992, Oct Average, China, CHN
12.041, 1992, Nov Average, China, CHN
12.968, 1992, Dec Average, China, CHN
14.7982, 1993, Jan Average, China, CHN
20.3659, 1993, Feb Average, China, CHN
25.1549, 1993, Mar Average, China, CHN
35.0231, 1993, Apr Average, China, CHN
63.2322, 1993, May Average, China, CHN
104.058, 1993, Jun Average, China, CHN
114.149, 1993, Jul Average, China, CHN
107.458, 1993, Aug Average, China, CHN
59.7317, 1993, Sep Average, China, CHN
27.1933, 1993, Oct Average, China, CHN
26.1967, 1993, Nov Average, China, CHN
7.2826, 1993, Dec Average, China, CHN
7.63464, 1994, Jan Average, China, CHN
17.3763, 1994, Feb Average, China, CHN
23.2837, 1994, Mar Average, China, CHN
39.0131, 1994, Apr Average, China, CHN
54.8796, 1994, May Average, China, CHN
100.902, 1994, Jun Average, China, CHN
115.814, 1994, Jul Average, China, CHN
100.762, 1994, Aug Average, China, CHN
57.263, 1994, Sep Average, China, CHN
32.945, 1994, Oct Average, China, CHN
16.9298, 1994, Nov Average, China, CHN
20.3601, 1994, Dec Average, China, CHN
13.377, 1995, Jan Average, China, CHN
16.7496, 1995, Feb Average, China, CHN
20.1704, 1995, Mar Average, China, CHN
34.8549, 1995, Apr Average, China, CHN
52.1409, 1995, May Average, China, CHN
97.8296, 1995, Jun Average, China, CHN
112.135, 1995, Jul Average, China, CHN
107.25, 1995, Aug Average, China, CHN
54.9655, 1995, Sep Average, China, CHN
40.415, 1995, Oct Average, China, CHN
14.1265, 1995, Nov Average, China, CHN
5.4537, 1995, Dec Average, China, CHN
10.8123, 1996, Jan Average, China, CHN
9.52918, 1996, Feb Average, China, CHN
39.5628, 1996, Mar Average, China, CHN
35.7581, 1996, Apr Average, China, CHN
52.835, 1996, May Average, China, CHN
98.4251, 1996, Jun Average, China, CHN
134.096, 1996, Jul Average, China, CHN
101.435, 1996, Aug Average, China, CHN
48.1497, 1996, Sep Average, China, CHN
30.1585, 1996, Oct Average, China, CHN
20.9575, 1996, Nov Average, China, CHN
4.5545, 1996, Dec Average, China, CHN
12.3538, 1997, Jan Average, China, CHN
16.408, 1997, Feb Average, China, CHN
30.4184, 1997, Mar Average, China, CHN
41.0521, 1997, Apr Average, China, CHN
56.4804, 1997, May Average, China, CHN
82.0591, 1997, Jun Average, China, CHN
107.768, 1997, Jul Average, China, CHN
94.4028, 1997, Aug Average, China, CHN
56.1418, 1997, Sep Average, China, CHN
26.7071, 1997, Oct Average, China, CHN
21.4953, 1997, Nov Average, China, CHN
19.1415, 1997, Dec Average, China, CHN
17.9009, 1998, Jan Average, China, CHN
19.5084, 1998, Feb Average, China, CHN
38.0035, 1998, Mar Average, China, CHN
47.1245, 1998, Apr Average, China, CHN
70.648, 1998, May Average, China, CHN
109.478, 1998, Jun Average, China, CHN
129.112, 1998, Jul Average, China, CHN
116.366, 1998, Aug Average, China, CHN
42.3664, 1998, Sep Average, China, CHN
32.7682, 1998, Oct Average, China, CHN
10.9493, 1998, Nov Average, China, CHN
8.13785, 1998, Dec Average, China, CHN
10.2422, 1999, Jan Average, China, CHN
4.7823, 1999, Feb Average, China, CHN
23.1689, 1999, Mar Average, China, CHN
44.3681, 1999, Apr Average, China, CHN
66.6675, 1999, May Average, China, CHN
87.3852, 1999, Jun Average, China, CHN
112.71, 1999, Jul Average, China, CHN
110.225, 1999, Aug Average, China, CHN
53.4808, 1999, Sep Average, China, CHN
38.4455, 1999, Oct Average, China, CHN
16.6501, 1999, Nov Average, China, CHN
5.89898, 1999, Dec Average, China, CHN
15.9686, 2000, Jan Average, China, CHN
12.7056, 2000, Feb Average, China, CHN
19.711, 2000, Mar Average, China, CHN
44.1011, 2000, Apr Average, China, CHN
58.8561, 2000, May Average, China, CHN
95.837, 2000, Jun Average, China, CHN
98.7072, 2000, Jul Average, China, CHN
103.498, 2000, Aug Average, China, CHN
56.2566, 2000, Sep Average, China, CHN
48.6136, 2000, Oct Average, China, CHN
18.4295, 2000, Nov Average, China, CHN
10.0817, 2000, Dec Average, China, CHN
16.8839, 2001, Jan Average, China, CHN
13.8112, 2001, Feb Average, China, CHN
17.6697, 2001, Mar Average, China, CHN
41.3511, 2001, Apr Average, China, CHN
59.2779, 2001, May Average, China, CHN
96.9894, 2001, Jun Average, China, CHN
102.508, 2001, Jul Average, China, CHN
91.0902, 2001, Aug Average, China, CHN
46.1665, 2001, Sep Average, China, CHN
34.455, 2001, Oct Average, China, CHN
14.4998, 2001, Nov Average, China, CHN
15.2813, 2001, Dec Average, China, CHN
13.9062, 2002, Jan Average, China, CHN
11.2406, 2002, Feb Average, China, CHN
26.7911, 2002, Mar Average, China, CHN
51.2457, 2002, Apr Average, China, CHN
72.3379, 2002, May Average, China, CHN
109.668, 2002, Jun Average, China, CHN
108.2, 2002, Jul Average, China, CHN
93.667, 2002, Aug Average, China, CHN
48.0569, 2002, Sep Average, China, CHN
39.2129, 2002, Oct Average, China, CHN
14.7727, 2002, Nov Average, China, CHN
19.8016, 2002, Dec Average, China, CHN
12.4381, 2003, Jan Average, China, CHN
16.7771, 2003, Feb Average, China, CHN
24.3418, 2003, Mar Average, China, CHN
46.9161, 2003, Apr Average, China, CHN
58.7212, 2003, May Average, China, CHN
100.536, 2003, Jun Average, China, CHN
103.069, 2003, Jul Average, China, CHN
98.8422, 2003, Aug Average, China, CHN
67.0758, 2003, Sep Average, China, CHN
30.7695, 2003, Oct Average, China, CHN
17.3988, 2003, Nov Average, China, CHN
7.91551, 2003, Dec Average, China, CHN
12.3657, 2004, Jan Average, China, CHN
14.451, 2004, Feb Average, China, CHN
20.6438, 2004, Mar Average, China, CHN
38.1672, 2004, Apr Average, China, CHN
74.4515, 2004, May Average, China, CHN
79.1875, 2004, Jun Average, China, CHN
115.325, 2004, Jul Average, China, CHN
89.5429, 2004, Aug Average, China, CHN
53.3212, 2004, Sep Average, China, CHN
18.185, 2004, Oct Average, China, CHN
20.2558, 2004, Nov Average, China, CHN
13.0657, 2004, Dec Average, China, CHN
9.85205, 2005, Jan Average, China, CHN
19.2896, 2005, Feb Average, China, CHN
24.7424, 2005, Mar Average, China, CHN
35.8679, 2005, Apr Average, China, CHN
74.2452, 2005, May Average, China, CHN
93.0357, 2005, Jun Average, China, CHN
102.428, 2005, Jul Average, China, CHN
103.042, 2005, Aug Average, China, CHN
56.3799, 2005, Sep Average, China, CHN
27.9467, 2005, Oct Average, China, CHN
15.0755, 2005, Nov Average, China, CHN
7.86912, 2005, Dec Average, China, CHN
12.7951, 2006, Jan Average, China, CHN
19.8182, 2006, Feb Average, China, CHN
19.7944, 2006, Mar Average, China, CHN
43.688, 2006, Apr Average, China, CHN
68.5212, 2006, May Average, China, CHN
93.0264, 2006, Jun Average, China, CHN
107.122, 2006, Jul Average, China, CHN
77.3822, 2006, Aug Average, China, CHN
45.9045, 2006, Sep Average, China, CHN
29.181, 2006, Oct Average, China, CHN
23.537, 2006, Nov Average, China, CHN
7.79566, 2006, Dec Average, China, CHN
9.21329, 2007, Jan Average, China, CHN
17.6591, 2007, Feb Average, China, CHN
29.0497, 2007, Mar Average, China, CHN
40.8634, 2007, Apr Average, China, CHN
58.2858, 2007, May Average, China, CHN
83.9053, 2007, Jun Average, China, CHN
112.422, 2007, Jul Average, China, CHN
96.0827, 2007, Aug Average, China, CHN
60.5417, 2007, Sep Average, China, CHN
27.212, 2007, Oct Average, China, CHN
7.98183, 2007, Nov Average, China, CHN
9.77364, 2007, Dec Average, China, CHN
16.191, 2008, Jan Average, China, CHN
10.6951, 2008, Feb Average, China, CHN
26.3843, 2008, Mar Average, China, CHN
37.6518, 2008, Apr Average, China, CHN
63.5083, 2008, May Average, China, CHN
98.1909, 2008, Jun Average, China, CHN
115.097, 2008, Jul Average, China, CHN
104.987, 2008, Aug Average, China, CHN
54.1064, 2008, Sep Average, China, CHN
38.3417, 2008, Oct Average, China, CHN
20.8174, 2008, Nov Average, China, CHN
4.94348, 2008, Dec Average, China, CHN
5.63926, 2009, Jan Average, China, CHN
12.6608, 2009, Feb Average, China, CHN
27.7838, 2009, Mar Average, China, CHN
40.6644, 2009, Apr Average, China, CHN
57.5788, 2009, May Average, China, CHN
86.2619, 2009, Jun Average, China, CHN
103.51, 2009, Jul Average, China, CHN
89.7919, 2009, Aug Average, China, CHN
50.098, 2009, Sep Average, China, CHN
20.9444, 2009, Oct Average, China, CHN
21.8779, 2009, Nov Average, China, CHN
11.8145, 2009, Dec Average, China, CHN
12.582, 2010, Jan Average, China, CHN
17.2176, 2010, Feb Average, China, CHN
30.1642, 2010, Mar Average, China, CHN
48.6364, 2010, Apr Average, China, CHN
73.0509, 2010, May Average, China, CHN
85.6447, 2010, Jun Average, China, CHN
108.11, 2010, Jul Average, China, CHN
101.782, 2010, Aug Average, China, CHN
73.9885, 2010, Sep Average, China, CHN
34.5648, 2010, Oct Average, China, CHN
11.4941, 2010, Nov Average, China, CHN
15.6162, 2010, Dec Average, China, CHN
7.04405, 2011, Jan Average, China, CHN
12.5925, 2011, Feb Average, China, CHN
16.7903, 2011, Mar Average, China, CHN
21.7109, 2011, Apr Average, China, CHN
61.8465, 2011, May Average, China, CHN
96.9062, 2011, Jun Average, China, CHN
98.3806, 2011, Jul Average, China, CHN
79.1088, 2011, Aug Average, China, CHN
58.8982, 2011, Sep Average, China, CHN
33.4822, 2011, Oct Average, China, CHN
25.5315, 2011, Nov Average, China, CHN
6.50707, 2011, Dec Average, China, CHN
15.7127, 2012, Jan Average, China, CHN
13.7741, 2012, Feb Average, China, CHN
28.3348, 2012, Mar Average, China, CHN
43.5967, 2012, Apr Average, China, CHN
60.3049, 2012, May Average, China, CHN
98.1343, 2012, Jun Average, China, CHN
125.575, 2012, Jul Average, China, CHN
88.4487, 2012, Aug Average, China, CHN
68.2231, 2012, Sep Average, China, CHN
27.3519, 2012, Oct Average, China, CHN
26.838, 2012, Nov Average, China, CHN
17.0108, 2012, Dec Average, China, CHN
6.55329, 2013, Jan Average, China, CHN
13.8975, 2013, Feb Average, China, CHN
24.0422, 2013, Mar Average, China, CHN
40.3624, 2013, Apr Average, China, CHN
75.4827, 2013, May Average, China, CHN
93.0079, 2013, Jun Average, China, CHN
124.487, 2013, Jul Average, China, CHN
94.3048, 2013, Aug Average, China, CHN
59.4841, 2013, Sep Average, China, CHN
29.3524, 2013, Oct Average, China, CHN
20.0206, 2013, Nov Average, China, CHN
13.3212, 2013, Dec Average, China, CHN
4.06173, 2014, Jan Average, China, CHN
17.6996, 2014, Feb Average, China, CHN
28.6697, 2014, Mar Average, China, CHN
35.3069, 2014, Apr Average, China, CHN
41.461, 2014, May Average, China, CHN
97.5776, 2014, Jun Average, China, CHN
106.588, 2014, Jul Average, China, CHN
91.6069, 2014, Aug Average, China, CHN
71.0721, 2014, Sep Average, China, CHN
26.2672, 2014, Oct Average, China, CHN
20.4563, 2014, Nov Average, China, CHN
9.21946, 2014, Dec Average, China, CHN
11.9647, 2015, Jan Average, China, CHN
14.3772, 2015, Feb Average, China, CHN
21.8697, 2015, Mar Average, China, CHN
41.2361, 2015, Apr Average, China, CHN
66.8066, 2015, May Average, China, CHN
102.377, 2015, Jun Average, China, CHN
90.1429, 2015, Jul Average, China, CHN
96.9356, 2015, Aug Average, China, CHN
67.1492, 2015, Sep Average, China, CHN
38.9183, 2015, Oct Average, China, CHN
29.0174, 2015, Nov Average, China, CHN
17.7703, 2015, Dec Average, China, CHN
19.0615, 2016, Jan Average, China, CHN
12.3009, 2016, Feb Average, China, CHN
20.3785, 2016, Mar Average, China, CHN
51.1857, 2016, Apr Average, China, CHN
72.2258, 2016, May Average, China, CHN
116.645, 2016, Jun Average, China, CHN
132.283, 2016, Jul Average, China, CHN
88.3762, 2016, Aug Average, China, CHN
63.3524, 2016, Sep Average, China, CHN
47.9835, 2016, Oct Average, China, CHN
26.6239, 2016, Nov Average, China, CHN
10.231, 2016, Dec Average, China, CHN
