Rainfall - (MM), Year, Statistics, Country, ISO3
19.3818, 1991, Jan Average, Mexico, MEX
21.6079, 1991, Feb Average, Mexico, MEX
8.6092, 1991, Mar Average, Mexico, MEX
7.30267, 1991, Apr Average, Mexico, MEX
33.0832, 1991, May Average, Mexico, MEX
98.9277, 1991, Jun Average, Mexico, MEX
138.558, 1991, Jul Average, Mexico, MEX
105.655, 1991, Aug Average, Mexico, MEX
144.175, 1991, Sep Average, Mexico, MEX
74.0108, 1991, Oct Average, Mexico, MEX
33.1988, 1991, Nov Average, Mexico, MEX
56.6471, 1991, Dec Average, Mexico, MEX
53.1998, 1992, Jan Average, Mexico, MEX
27.1726, 1992, Feb Average, Mexico, MEX
22.9644, 1992, Mar Average, Mexico, MEX
25.2415, 1992, Apr Average, Mexico, MEX
56.9433, 1992, May Average, Mexico, MEX
72.8898, 1992, Jun Average, Mexico, MEX
140.025, 1992, Jul Average, Mexico, MEX
116.161, 1992, Aug Average, Mexico, MEX
108.563, 1992, Sep Average, Mexico, MEX
67.2127, 1992, Oct Average, Mexico, MEX
38.7164, 1992, Nov Average, Mexico, MEX
29.0819, 1992, Dec Average, Mexico, MEX
32.5159, 1993, Jan Average, Mexico, MEX
18.627, 1993, Feb Average, Mexico, MEX
9.33465, 1993, Mar Average, Mexico, MEX
14.9863, 1993, Apr Average, Mexico, MEX
33.4358, 1993, May Average, Mexico, MEX
149.326, 1993, Jun Average, Mexico, MEX
113.45, 1993, Jul Average, Mexico, MEX
123.753, 1993, Aug Average, Mexico, MEX
159.158, 1993, Sep Average, Mexico, MEX
56.1649, 1993, Oct Average, Mexico, MEX
27.0245, 1993, Nov Average, Mexico, MEX
11.7534, 1993, Dec Average, Mexico, MEX
21.8306, 1994, Jan Average, Mexico, MEX
13.5478, 1994, Feb Average, Mexico, MEX
13.9908, 1994, Mar Average, Mexico, MEX
14.5848, 1994, Apr Average, Mexico, MEX
32.0324, 1994, May Average, Mexico, MEX
87.5602, 1994, Jun Average, Mexico, MEX
81.2204, 1994, Jul Average, Mexico, MEX
126.339, 1994, Aug Average, Mexico, MEX
101.05, 1994, Sep Average, Mexico, MEX
75.316, 1994, Oct Average, Mexico, MEX
28.4977, 1994, Nov Average, Mexico, MEX
35.3106, 1994, Dec Average, Mexico, MEX
14.3864, 1995, Jan Average, Mexico, MEX
18.7635, 1995, Feb Average, Mexico, MEX
13.1374, 1995, Mar Average, Mexico, MEX
17.7593, 1995, Apr Average, Mexico, MEX
34.9718, 1995, May Average, Mexico, MEX
81.3112, 1995, Jun Average, Mexico, MEX
130.541, 1995, Jul Average, Mexico, MEX
172.258, 1995, Aug Average, Mexico, MEX
127.358, 1995, Sep Average, Mexico, MEX
68.0187, 1995, Oct Average, Mexico, MEX
22.3576, 1995, Nov Average, Mexico, MEX
25.0697, 1995, Dec Average, Mexico, MEX
12.0088, 1996, Jan Average, Mexico, MEX
6.80761, 1996, Feb Average, Mexico, MEX
8.80034, 1996, Mar Average, Mexico, MEX
18.8121, 1996, Apr Average, Mexico, MEX
33.7133, 1996, May Average, Mexico, MEX
114.191, 1996, Jun Average, Mexico, MEX
112.512, 1996, Jul Average, Mexico, MEX
159.826, 1996, Aug Average, Mexico, MEX
112.534, 1996, Sep Average, Mexico, MEX
79.4189, 1996, Oct Average, Mexico, MEX
25.4559, 1996, Nov Average, Mexico, MEX
10.5484, 1996, Dec Average, Mexico, MEX
16.8112, 1997, Jan Average, Mexico, MEX
15.953, 1997, Feb Average, Mexico, MEX
27.0638, 1997, Mar Average, Mexico, MEX
39.878, 1997, Apr Average, Mexico, MEX
48.6229, 1997, May Average, Mexico, MEX
86.4885, 1997, Jun Average, Mexico, MEX
94.3363, 1997, Jul Average, Mexico, MEX
92.1918, 1997, Aug Average, Mexico, MEX
114.347, 1997, Sep Average, Mexico, MEX
85.0916, 1997, Oct Average, Mexico, MEX
56.6182, 1997, Nov Average, Mexico, MEX
32.1462, 1997, Dec Average, Mexico, MEX
9.43575, 1998, Jan Average, Mexico, MEX
18.5928, 1998, Feb Average, Mexico, MEX
10.2564, 1998, Mar Average, Mexico, MEX
5.81997, 1998, Apr Average, Mexico, MEX
13.3413, 1998, May Average, Mexico, MEX
73.4987, 1998, Jun Average, Mexico, MEX
122.131, 1998, Jul Average, Mexico, MEX
135.67, 1998, Aug Average, Mexico, MEX
196.104, 1998, Sep Average, Mexico, MEX
103.966, 1998, Oct Average, Mexico, MEX
58.9935, 1998, Nov Average, Mexico, MEX
8.83849, 1998, Dec Average, Mexico, MEX
6.13914, 1999, Jan Average, Mexico, MEX
5.18115, 1999, Feb Average, Mexico, MEX
9.11543, 1999, Mar Average, Mexico, MEX
8.51514, 1999, Apr Average, Mexico, MEX
25.626, 1999, May Average, Mexico, MEX
137.27, 1999, Jun Average, Mexico, MEX
178.559, 1999, Jul Average, Mexico, MEX
135.156, 1999, Aug Average, Mexico, MEX
139.363, 1999, Sep Average, Mexico, MEX
82.7172, 1999, Oct Average, Mexico, MEX
17.2365, 1999, Nov Average, Mexico, MEX
17.3225, 1999, Dec Average, Mexico, MEX
10.1418, 2000, Jan Average, Mexico, MEX
6.59216, 2000, Feb Average, Mexico, MEX
13.0908, 2000, Mar Average, Mexico, MEX
9.85043, 2000, Apr Average, Mexico, MEX
62.221, 2000, May Average, Mexico, MEX
136.613, 2000, Jun Average, Mexico, MEX
91.8384, 2000, Jul Average, Mexico, MEX
120.477, 2000, Aug Average, Mexico, MEX
120.407, 2000, Sep Average, Mexico, MEX
91.9443, 2000, Oct Average, Mexico, MEX
31.0509, 2000, Nov Average, Mexico, MEX
12.6366, 2000, Dec Average, Mexico, MEX
13.6611, 2001, Jan Average, Mexico, MEX
19.0045, 2001, Feb Average, Mexico, MEX
20.3874, 2001, Mar Average, Mexico, MEX
20.8706, 2001, Apr Average, Mexico, MEX
49.9957, 2001, May Average, Mexico, MEX
79.3076, 2001, Jun Average, Mexico, MEX
117.887, 2001, Jul Average, Mexico, MEX
117.412, 2001, Aug Average, Mexico, MEX
128.41, 2001, Sep Average, Mexico, MEX
61.0419, 2001, Oct Average, Mexico, MEX
21.4577, 2001, Nov Average, Mexico, MEX
20.7495, 2001, Dec Average, Mexico, MEX
12.7855, 2002, Jan Average, Mexico, MEX
24.3067, 2002, Feb Average, Mexico, MEX
7.39369, 2002, Mar Average, Mexico, MEX
8.31951, 2002, Apr Average, Mexico, MEX
34.2564, 2002, May Average, Mexico, MEX
97.2558, 2002, Jun Average, Mexico, MEX
118.878, 2002, Jul Average, Mexico, MEX
92.2913, 2002, Aug Average, Mexico, MEX
160.507, 2002, Sep Average, Mexico, MEX
92.1841, 2002, Oct Average, Mexico, MEX
39.4698, 2002, Nov Average, Mexico, MEX
21.723, 2002, Dec Average, Mexico, MEX
13.1493, 2003, Jan Average, Mexico, MEX
19.3051, 2003, Feb Average, Mexico, MEX
13.6967, 2003, Mar Average, Mexico, MEX
11.7608, 2003, Apr Average, Mexico, MEX
30.5891, 2003, May Average, Mexico, MEX
117.284, 2003, Jun Average, Mexico, MEX
114.022, 2003, Jul Average, Mexico, MEX
121.925, 2003, Aug Average, Mexico, MEX
167.206, 2003, Sep Average, Mexico, MEX
106.058, 2003, Oct Average, Mexico, MEX
33.6476, 2003, Nov Average, Mexico, MEX
14.4925, 2003, Dec Average, Mexico, MEX
40.183, 2004, Jan Average, Mexico, MEX
13.293, 2004, Feb Average, Mexico, MEX
31.0414, 2004, Mar Average, Mexico, MEX
27.8222, 2004, Apr Average, Mexico, MEX
68.536, 2004, May Average, Mexico, MEX
109.565, 2004, Jun Average, Mexico, MEX
123.489, 2004, Jul Average, Mexico, MEX
103.589, 2004, Aug Average, Mexico, MEX
170.047, 2004, Sep Average, Mexico, MEX
108.9, 2004, Oct Average, Mexico, MEX
21.0458, 2004, Nov Average, Mexico, MEX
10.6321, 2004, Dec Average, Mexico, MEX
21.6103, 2005, Jan Average, Mexico, MEX
30.1686, 2005, Feb Average, Mexico, MEX
12.2342, 2005, Mar Average, Mexico, MEX
12.7918, 2005, Apr Average, Mexico, MEX
52.1414, 2005, May Average, Mexico, MEX
71.1625, 2005, Jun Average, Mexico, MEX
140.773, 2005, Jul Average, Mexico, MEX
141.453, 2005, Aug Average, Mexico, MEX
101.433, 2005, Sep Average, Mexico, MEX
100.184, 2005, Oct Average, Mexico, MEX
16.5512, 2005, Nov Average, Mexico, MEX
9.87734, 2005, Dec Average, Mexico, MEX
17.1158, 2006, Jan Average, Mexico, MEX
5.59025, 2006, Feb Average, Mexico, MEX
9.78203, 2006, Mar Average, Mexico, MEX
11.6098, 2006, Apr Average, Mexico, MEX
67.0339, 2006, May Average, Mexico, MEX
86.0983, 2006, Jun Average, Mexico, MEX
144.279, 2006, Jul Average, Mexico, MEX
162.13, 2006, Aug Average, Mexico, MEX
144.798, 2006, Sep Average, Mexico, MEX
94.9119, 2006, Oct Average, Mexico, MEX
29.2344, 2006, Nov Average, Mexico, MEX
25.5578, 2006, Dec Average, Mexico, MEX
35.4056, 2007, Jan Average, Mexico, MEX
16.7486, 2007, Feb Average, Mexico, MEX
8.33962, 2007, Mar Average, Mexico, MEX
13.402, 2007, Apr Average, Mexico, MEX
43.7315, 2007, May Average, Mexico, MEX
107.989, 2007, Jun Average, Mexico, MEX
146.935, 2007, Jul Average, Mexico, MEX
158.258, 2007, Aug Average, Mexico, MEX
137.779, 2007, Sep Average, Mexico, MEX
69.6248, 2007, Oct Average, Mexico, MEX
21.4256, 2007, Nov Average, Mexico, MEX
12.5317, 2007, Dec Average, Mexico, MEX
10.5386, 2008, Jan Average, Mexico, MEX
11.0587, 2008, Feb Average, Mexico, MEX
11.6483, 2008, Mar Average, Mexico, MEX
20.7416, 2008, Apr Average, Mexico, MEX
33.4193, 2008, May Average, Mexico, MEX
100.893, 2008, Jun Average, Mexico, MEX
174.715, 2008, Jul Average, Mexico, MEX
165.819, 2008, Aug Average, Mexico, MEX
156.624, 2008, Sep Average, Mexico, MEX
75.0412, 2008, Oct Average, Mexico, MEX
8.8624, 2008, Nov Average, Mexico, MEX
6.60189, 2008, Dec Average, Mexico, MEX
12.0118, 2009, Jan Average, Mexico, MEX
8.90083, 2009, Feb Average, Mexico, MEX
9.24687, 2009, Mar Average, Mexico, MEX
7.88955, 2009, Apr Average, Mexico, MEX
46.1481, 2009, May Average, Mexico, MEX
113.482, 2009, Jun Average, Mexico, MEX
79.5455, 2009, Jul Average, Mexico, MEX
99.6077, 2009, Aug Average, Mexico, MEX
137.066, 2009, Sep Average, Mexico, MEX
86.1593, 2009, Oct Average, Mexico, MEX
31.0993, 2009, Nov Average, Mexico, MEX
33.2125, 2009, Dec Average, Mexico, MEX
31.3489, 2010, Jan Average, Mexico, MEX
28.1743, 2010, Feb Average, Mexico, MEX
7.13289, 2010, Mar Average, Mexico, MEX
27.0969, 2010, Apr Average, Mexico, MEX
41.3146, 2010, May Average, Mexico, MEX
90.7412, 2010, Jun Average, Mexico, MEX
232.605, 2010, Jul Average, Mexico, MEX
150.075, 2010, Aug Average, Mexico, MEX
173.669, 2010, Sep Average, Mexico, MEX
14.228, 2010, Oct Average, Mexico, MEX
8.69442, 2010, Nov Average, Mexico, MEX
6.0652, 2010, Dec Average, Mexico, MEX
9.24809, 2011, Jan Average, Mexico, MEX
10.8599, 2011, Feb Average, Mexico, MEX
9.77083, 2011, Mar Average, Mexico, MEX
10.6803, 2011, Apr Average, Mexico, MEX
16.1454, 2011, May Average, Mexico, MEX
97.9879, 2011, Jun Average, Mexico, MEX
166.33, 2011, Jul Average, Mexico, MEX
139.423, 2011, Aug Average, Mexico, MEX
95.1691, 2011, Sep Average, Mexico, MEX
68.341, 2011, Oct Average, Mexico, MEX
29.0767, 2011, Nov Average, Mexico, MEX
18.4467, 2011, Dec Average, Mexico, MEX
13.4637, 2012, Jan Average, Mexico, MEX
30.3111, 2012, Feb Average, Mexico, MEX
10.57, 2012, Mar Average, Mexico, MEX
19.0453, 2012, Apr Average, Mexico, MEX
39.6103, 2012, May Average, Mexico, MEX
91.9801, 2012, Jun Average, Mexico, MEX
124.184, 2012, Jul Average, Mexico, MEX
145.808, 2012, Aug Average, Mexico, MEX
118.364, 2012, Sep Average, Mexico, MEX
58.2591, 2012, Oct Average, Mexico, MEX
22.4163, 2012, Nov Average, Mexico, MEX
16.2888, 2012, Dec Average, Mexico, MEX
22.9199, 2013, Jan Average, Mexico, MEX
8.06579, 2013, Feb Average, Mexico, MEX
7.42908, 2013, Mar Average, Mexico, MEX
10.5642, 2013, Apr Average, Mexico, MEX
48.4674, 2013, May Average, Mexico, MEX
103.477, 2013, Jun Average, Mexico, MEX
163.104, 2013, Jul Average, Mexico, MEX
137.805, 2013, Aug Average, Mexico, MEX
220.633, 2013, Sep Average, Mexico, MEX
98.39, 2013, Oct Average, Mexico, MEX
60.6551, 2013, Nov Average, Mexico, MEX
38.3855, 2013, Dec Average, Mexico, MEX
12.6389, 2014, Jan Average, Mexico, MEX
7.34925, 2014, Feb Average, Mexico, MEX
19.9509, 2014, Mar Average, Mexico, MEX
13.0535, 2014, Apr Average, Mexico, MEX
72.8869, 2014, May Average, Mexico, MEX
132.104, 2014, Jun Average, Mexico, MEX
94.8619, 2014, Jul Average, Mexico, MEX
141.845, 2014, Aug Average, Mexico, MEX
191.952, 2014, Sep Average, Mexico, MEX
105.93, 2014, Oct Average, Mexico, MEX
43.5188, 2014, Nov Average, Mexico, MEX
17.6087, 2014, Dec Average, Mexico, MEX
28.6804, 2015, Jan Average, Mexico, MEX
19.2502, 2015, Feb Average, Mexico, MEX
33.0164, 2015, Mar Average, Mexico, MEX
23.5745, 2015, Apr Average, Mexico, MEX
51.631, 2015, May Average, Mexico, MEX
100.244, 2015, Jun Average, Mexico, MEX
104.167, 2015, Jul Average, Mexico, MEX
95.0274, 2015, Aug Average, Mexico, MEX
119.259, 2015, Sep Average, Mexico, MEX
96.9286, 2015, Oct Average, Mexico, MEX
50.5464, 2015, Nov Average, Mexico, MEX
27.7123, 2015, Dec Average, Mexico, MEX
23.1916, 2016, Jan Average, Mexico, MEX
5.46208, 2016, Feb Average, Mexico, MEX
23.5982, 2016, Mar Average, Mexico, MEX
18.2105, 2016, Apr Average, Mexico, MEX
39.2225, 2016, May Average, Mexico, MEX
114.339, 2016, Jun Average, Mexico, MEX
133.482, 2016, Jul Average, Mexico, MEX
181.408, 2016, Aug Average, Mexico, MEX
127.278, 2016, Sep Average, Mexico, MEX
50.4558, 2016, Oct Average, Mexico, MEX
35.7218, 2016, Nov Average, Mexico, MEX
34.3518, 2016, Dec Average, Mexico, MEX
