Temperature - (Celsius), Year, Statistics, Country, ISO3
23.2964, 1991, Jan Average, Tanzania, United Republic of, TZA
23.8869, 1991, Feb Average, Tanzania, United Republic of, TZA
23.8262, 1991, Mar Average, Tanzania, United Republic of, TZA
22.8863, 1991, Apr Average, Tanzania, United Republic of, TZA
22.3924, 1991, May Average, Tanzania, United Republic of, TZA
21.0215, 1991, Jun Average, Tanzania, United Republic of, TZA
20.2659, 1991, Jul Average, Tanzania, United Republic of, TZA
20.975, 1991, Aug Average, Tanzania, United Republic of, TZA
22.5013, 1991, Sep Average, Tanzania, United Republic of, TZA
23.8302, 1991, Oct Average, Tanzania, United Republic of, TZA
23.5946, 1991, Nov Average, Tanzania, United Republic of, TZA
23.0522, 1991, Dec Average, Tanzania, United Republic of, TZA
23.2125, 1992, Jan Average, Tanzania, United Republic of, TZA
23.7753, 1992, Feb Average, Tanzania, United Republic of, TZA
23.973, 1992, Mar Average, Tanzania, United Republic of, TZA
23.4027, 1992, Apr Average, Tanzania, United Republic of, TZA
22.41, 1992, May Average, Tanzania, United Republic of, TZA
21.2521, 1992, Jun Average, Tanzania, United Republic of, TZA
20.1379, 1992, Jul Average, Tanzania, United Republic of, TZA
20.8108, 1992, Aug Average, Tanzania, United Republic of, TZA
22.5729, 1992, Sep Average, Tanzania, United Republic of, TZA
23.4173, 1992, Oct Average, Tanzania, United Republic of, TZA
23.7513, 1992, Nov Average, Tanzania, United Republic of, TZA
23.3125, 1992, Dec Average, Tanzania, United Republic of, TZA
22.7906, 1993, Jan Average, Tanzania, United Republic of, TZA
23.1904, 1993, Feb Average, Tanzania, United Republic of, TZA
23.0035, 1993, Mar Average, Tanzania, United Republic of, TZA
23.2851, 1993, Apr Average, Tanzania, United Republic of, TZA
22.5083, 1993, May Average, Tanzania, United Republic of, TZA
20.9756, 1993, Jun Average, Tanzania, United Republic of, TZA
20.0911, 1993, Jul Average, Tanzania, United Republic of, TZA
21.0564, 1993, Aug Average, Tanzania, United Republic of, TZA
22.2321, 1993, Sep Average, Tanzania, United Republic of, TZA
23.4707, 1993, Oct Average, Tanzania, United Republic of, TZA
23.9921, 1993, Nov Average, Tanzania, United Republic of, TZA
23.8377, 1993, Dec Average, Tanzania, United Republic of, TZA
23.2687, 1994, Jan Average, Tanzania, United Republic of, TZA
23.6621, 1994, Feb Average, Tanzania, United Republic of, TZA
23.3238, 1994, Mar Average, Tanzania, United Republic of, TZA
22.8362, 1994, Apr Average, Tanzania, United Republic of, TZA
22.1995, 1994, May Average, Tanzania, United Republic of, TZA
20.8268, 1994, Jun Average, Tanzania, United Republic of, TZA
20.1401, 1994, Jul Average, Tanzania, United Republic of, TZA
21.5768, 1994, Aug Average, Tanzania, United Republic of, TZA
22.9136, 1994, Sep Average, Tanzania, United Republic of, TZA
23.6889, 1994, Oct Average, Tanzania, United Republic of, TZA
23.9437, 1994, Nov Average, Tanzania, United Republic of, TZA
23.5094, 1994, Dec Average, Tanzania, United Republic of, TZA
23.4032, 1995, Jan Average, Tanzania, United Republic of, TZA
23.4539, 1995, Feb Average, Tanzania, United Republic of, TZA
23.6541, 1995, Mar Average, Tanzania, United Republic of, TZA
23.166, 1995, Apr Average, Tanzania, United Republic of, TZA
22.3057, 1995, May Average, Tanzania, United Republic of, TZA
21.0925, 1995, Jun Average, Tanzania, United Republic of, TZA
20.7479, 1995, Jul Average, Tanzania, United Republic of, TZA
21.9756, 1995, Aug Average, Tanzania, United Republic of, TZA
22.7936, 1995, Sep Average, Tanzania, United Republic of, TZA
24.2242, 1995, Oct Average, Tanzania, United Republic of, TZA
24.4622, 1995, Nov Average, Tanzania, United Republic of, TZA
23.8183, 1995, Dec Average, Tanzania, United Republic of, TZA
23.8167, 1996, Jan Average, Tanzania, United Republic of, TZA
23.4225, 1996, Feb Average, Tanzania, United Republic of, TZA
23.5117, 1996, Mar Average, Tanzania, United Republic of, TZA
22.4305, 1996, Apr Average, Tanzania, United Republic of, TZA
22.1134, 1996, May Average, Tanzania, United Republic of, TZA
20.9093, 1996, Jun Average, Tanzania, United Republic of, TZA
20.4713, 1996, Jul Average, Tanzania, United Republic of, TZA
21.2081, 1996, Aug Average, Tanzania, United Republic of, TZA
22.449, 1996, Sep Average, Tanzania, United Republic of, TZA
23.4095, 1996, Oct Average, Tanzania, United Republic of, TZA
24.4791, 1996, Nov Average, Tanzania, United Republic of, TZA
24.1819, 1996, Dec Average, Tanzania, United Republic of, TZA
24.107, 1997, Jan Average, Tanzania, United Republic of, TZA
23.5433, 1997, Feb Average, Tanzania, United Republic of, TZA
23.7155, 1997, Mar Average, Tanzania, United Republic of, TZA
23.047, 1997, Apr Average, Tanzania, United Republic of, TZA
22.1473, 1997, May Average, Tanzania, United Republic of, TZA
21.4885, 1997, Jun Average, Tanzania, United Republic of, TZA
20.7248, 1997, Jul Average, Tanzania, United Republic of, TZA
20.9977, 1997, Aug Average, Tanzania, United Republic of, TZA
23.3171, 1997, Sep Average, Tanzania, United Republic of, TZA
24.0648, 1997, Oct Average, Tanzania, United Republic of, TZA
24.2098, 1997, Nov Average, Tanzania, United Republic of, TZA
23.351, 1997, Dec Average, Tanzania, United Republic of, TZA
23.3318, 1998, Jan Average, Tanzania, United Republic of, TZA
24.1918, 1998, Feb Average, Tanzania, United Republic of, TZA
24.2946, 1998, Mar Average, Tanzania, United Republic of, TZA
23.0458, 1998, Apr Average, Tanzania, United Republic of, TZA
22.341, 1998, May Average, Tanzania, United Republic of, TZA
21.314, 1998, Jun Average, Tanzania, United Republic of, TZA
20.9583, 1998, Jul Average, Tanzania, United Republic of, TZA
21.7084, 1998, Aug Average, Tanzania, United Republic of, TZA
22.9832, 1998, Sep Average, Tanzania, United Republic of, TZA
24.0758, 1998, Oct Average, Tanzania, United Republic of, TZA
24.5195, 1998, Nov Average, Tanzania, United Republic of, TZA
23.6648, 1998, Dec Average, Tanzania, United Republic of, TZA
23.9696, 1999, Jan Average, Tanzania, United Republic of, TZA
24.3845, 1999, Feb Average, Tanzania, United Republic of, TZA
23.5383, 1999, Mar Average, Tanzania, United Republic of, TZA
22.7705, 1999, Apr Average, Tanzania, United Republic of, TZA
22.2828, 1999, May Average, Tanzania, United Republic of, TZA
20.8605, 1999, Jun Average, Tanzania, United Republic of, TZA
20.339, 1999, Jul Average, Tanzania, United Republic of, TZA
21.4792, 1999, Aug Average, Tanzania, United Republic of, TZA
22.7581, 1999, Sep Average, Tanzania, United Republic of, TZA
23.3471, 1999, Oct Average, Tanzania, United Republic of, TZA
23.7117, 1999, Nov Average, Tanzania, United Republic of, TZA
23.9747, 1999, Dec Average, Tanzania, United Republic of, TZA
23.3864, 2000, Jan Average, Tanzania, United Republic of, TZA
23.6904, 2000, Feb Average, Tanzania, United Republic of, TZA
23.4749, 2000, Mar Average, Tanzania, United Republic of, TZA
23.368, 2000, Apr Average, Tanzania, United Republic of, TZA
22.9389, 2000, May Average, Tanzania, United Republic of, TZA
20.9288, 2000, Jun Average, Tanzania, United Republic of, TZA
20.6888, 2000, Jul Average, Tanzania, United Republic of, TZA
21.7604, 2000, Aug Average, Tanzania, United Republic of, TZA
22.6886, 2000, Sep Average, Tanzania, United Republic of, TZA
23.7659, 2000, Oct Average, Tanzania, United Republic of, TZA
23.8316, 2000, Nov Average, Tanzania, United Republic of, TZA
23.1036, 2000, Dec Average, Tanzania, United Republic of, TZA
23.1727, 2001, Jan Average, Tanzania, United Republic of, TZA
23.8908, 2001, Feb Average, Tanzania, United Republic of, TZA
23.8885, 2001, Mar Average, Tanzania, United Republic of, TZA
23.0127, 2001, Apr Average, Tanzania, United Republic of, TZA
22.4405, 2001, May Average, Tanzania, United Republic of, TZA
20.6652, 2001, Jun Average, Tanzania, United Republic of, TZA
20.4921, 2001, Jul Average, Tanzania, United Republic of, TZA
21.7855, 2001, Aug Average, Tanzania, United Republic of, TZA
23.086, 2001, Sep Average, Tanzania, United Republic of, TZA
24.2399, 2001, Oct Average, Tanzania, United Republic of, TZA
24.3042, 2001, Nov Average, Tanzania, United Republic of, TZA
23.9748, 2001, Dec Average, Tanzania, United Republic of, TZA
23.5558, 2002, Jan Average, Tanzania, United Republic of, TZA
23.6148, 2002, Feb Average, Tanzania, United Republic of, TZA
23.8027, 2002, Mar Average, Tanzania, United Republic of, TZA
23.265, 2002, Apr Average, Tanzania, United Republic of, TZA
22.5738, 2002, May Average, Tanzania, United Republic of, TZA
20.9064, 2002, Jun Average, Tanzania, United Republic of, TZA
21.4192, 2002, Jul Average, Tanzania, United Republic of, TZA
21.9737, 2002, Aug Average, Tanzania, United Republic of, TZA
23.0615, 2002, Sep Average, Tanzania, United Republic of, TZA
24.4674, 2002, Oct Average, Tanzania, United Republic of, TZA
24.2129, 2002, Nov Average, Tanzania, United Republic of, TZA
23.9342, 2002, Dec Average, Tanzania, United Republic of, TZA
24.0021, 2003, Jan Average, Tanzania, United Republic of, TZA
24.1908, 2003, Feb Average, Tanzania, United Republic of, TZA
24.6746, 2003, Mar Average, Tanzania, United Republic of, TZA
23.72, 2003, Apr Average, Tanzania, United Republic of, TZA
22.8171, 2003, May Average, Tanzania, United Republic of, TZA
21.6211, 2003, Jun Average, Tanzania, United Republic of, TZA
20.4182, 2003, Jul Average, Tanzania, United Republic of, TZA
21.6895, 2003, Aug Average, Tanzania, United Republic of, TZA
23.1725, 2003, Sep Average, Tanzania, United Republic of, TZA
24.3448, 2003, Oct Average, Tanzania, United Republic of, TZA
24.9328, 2003, Nov Average, Tanzania, United Republic of, TZA
24.351, 2003, Dec Average, Tanzania, United Republic of, TZA
24.4013, 2004, Jan Average, Tanzania, United Republic of, TZA
24.2888, 2004, Feb Average, Tanzania, United Republic of, TZA
24.0985, 2004, Mar Average, Tanzania, United Republic of, TZA
22.9856, 2004, Apr Average, Tanzania, United Republic of, TZA
22.2803, 2004, May Average, Tanzania, United Republic of, TZA
20.7443, 2004, Jun Average, Tanzania, United Republic of, TZA
20.7864, 2004, Jul Average, Tanzania, United Republic of, TZA
22.4771, 2004, Aug Average, Tanzania, United Republic of, TZA
22.8375, 2004, Sep Average, Tanzania, United Republic of, TZA
23.7663, 2004, Oct Average, Tanzania, United Republic of, TZA
24.2826, 2004, Nov Average, Tanzania, United Republic of, TZA
23.1348, 2004, Dec Average, Tanzania, United Republic of, TZA
23.4925, 2005, Jan Average, Tanzania, United Republic of, TZA
25.2944, 2005, Feb Average, Tanzania, United Republic of, TZA
24.6083, 2005, Mar Average, Tanzania, United Republic of, TZA
23.571, 2005, Apr Average, Tanzania, United Republic of, TZA
22.6084, 2005, May Average, Tanzania, United Republic of, TZA
21.9924, 2005, Jun Average, Tanzania, United Republic of, TZA
20.7672, 2005, Jul Average, Tanzania, United Republic of, TZA
21.8186, 2005, Aug Average, Tanzania, United Republic of, TZA
23.1577, 2005, Sep Average, Tanzania, United Republic of, TZA
24.0881, 2005, Oct Average, Tanzania, United Republic of, TZA
24.5305, 2005, Nov Average, Tanzania, United Republic of, TZA
25.0786, 2005, Dec Average, Tanzania, United Republic of, TZA
24.2426, 2006, Jan Average, Tanzania, United Republic of, TZA
24.1783, 2006, Feb Average, Tanzania, United Republic of, TZA
24.1336, 2006, Mar Average, Tanzania, United Republic of, TZA
22.4615, 2006, Apr Average, Tanzania, United Republic of, TZA
22.3043, 2006, May Average, Tanzania, United Republic of, TZA
21.0464, 2006, Jun Average, Tanzania, United Republic of, TZA
20.6785, 2006, Jul Average, Tanzania, United Republic of, TZA
21.9098, 2006, Aug Average, Tanzania, United Republic of, TZA
22.5307, 2006, Sep Average, Tanzania, United Republic of, TZA
24.4783, 2006, Oct Average, Tanzania, United Republic of, TZA
23.5329, 2006, Nov Average, Tanzania, United Republic of, TZA
22.7713, 2006, Dec Average, Tanzania, United Republic of, TZA
23.2148, 2007, Jan Average, Tanzania, United Republic of, TZA
23.2439, 2007, Feb Average, Tanzania, United Republic of, TZA
23.3079, 2007, Mar Average, Tanzania, United Republic of, TZA
22.8675, 2007, Apr Average, Tanzania, United Republic of, TZA
22.4509, 2007, May Average, Tanzania, United Republic of, TZA
21.0342, 2007, Jun Average, Tanzania, United Republic of, TZA
20.1355, 2007, Jul Average, Tanzania, United Republic of, TZA
21.5293, 2007, Aug Average, Tanzania, United Republic of, TZA
23.6373, 2007, Sep Average, Tanzania, United Republic of, TZA
24.2981, 2007, Oct Average, Tanzania, United Republic of, TZA
24.0232, 2007, Nov Average, Tanzania, United Republic of, TZA
23.5991, 2007, Dec Average, Tanzania, United Republic of, TZA
23.4361, 2008, Jan Average, Tanzania, United Republic of, TZA
22.5983, 2008, Feb Average, Tanzania, United Republic of, TZA
22.7225, 2008, Mar Average, Tanzania, United Republic of, TZA
22.3311, 2008, Apr Average, Tanzania, United Republic of, TZA
21.9202, 2008, May Average, Tanzania, United Republic of, TZA
20.1372, 2008, Jun Average, Tanzania, United Republic of, TZA
20.477, 2008, Jul Average, Tanzania, United Republic of, TZA
21.6788, 2008, Aug Average, Tanzania, United Republic of, TZA
23.503, 2008, Sep Average, Tanzania, United Republic of, TZA
24.09, 2008, Oct Average, Tanzania, United Republic of, TZA
24.0079, 2008, Nov Average, Tanzania, United Republic of, TZA
23.6105, 2008, Dec Average, Tanzania, United Republic of, TZA
24.0206, 2009, Jan Average, Tanzania, United Republic of, TZA
23.1646, 2009, Feb Average, Tanzania, United Republic of, TZA
23.5705, 2009, Mar Average, Tanzania, United Republic of, TZA
22.7992, 2009, Apr Average, Tanzania, United Republic of, TZA
22.3534, 2009, May Average, Tanzania, United Republic of, TZA
21.6265, 2009, Jun Average, Tanzania, United Republic of, TZA
20.5867, 2009, Jul Average, Tanzania, United Republic of, TZA
21.9359, 2009, Aug Average, Tanzania, United Republic of, TZA
23.5021, 2009, Sep Average, Tanzania, United Republic of, TZA
24.4421, 2009, Oct Average, Tanzania, United Republic of, TZA
23.8286, 2009, Nov Average, Tanzania, United Republic of, TZA
24.305, 2009, Dec Average, Tanzania, United Republic of, TZA
24.0002, 2010, Jan Average, Tanzania, United Republic of, TZA
23.8388, 2010, Feb Average, Tanzania, United Republic of, TZA
23.8277, 2010, Mar Average, Tanzania, United Republic of, TZA
23.5826, 2010, Apr Average, Tanzania, United Republic of, TZA
22.7242, 2010, May Average, Tanzania, United Republic of, TZA
21.276, 2010, Jun Average, Tanzania, United Republic of, TZA
20.7819, 2010, Jul Average, Tanzania, United Republic of, TZA
21.6022, 2010, Aug Average, Tanzania, United Republic of, TZA
23.0009, 2010, Sep Average, Tanzania, United Republic of, TZA
24.7369, 2010, Oct Average, Tanzania, United Republic of, TZA
24.3791, 2010, Nov Average, Tanzania, United Republic of, TZA
23.9614, 2010, Dec Average, Tanzania, United Republic of, TZA
23.4426, 2011, Jan Average, Tanzania, United Republic of, TZA
23.395, 2011, Feb Average, Tanzania, United Republic of, TZA
23.2835, 2011, Mar Average, Tanzania, United Republic of, TZA
23.1149, 2011, Apr Average, Tanzania, United Republic of, TZA
22.7057, 2011, May Average, Tanzania, United Republic of, TZA
21.4746, 2011, Jun Average, Tanzania, United Republic of, TZA
20.7093, 2011, Jul Average, Tanzania, United Republic of, TZA
21.6237, 2011, Aug Average, Tanzania, United Republic of, TZA
22.9992, 2011, Sep Average, Tanzania, United Republic of, TZA
23.5043, 2011, Oct Average, Tanzania, United Republic of, TZA
23.4204, 2011, Nov Average, Tanzania, United Republic of, TZA
23.2982, 2011, Dec Average, Tanzania, United Republic of, TZA
22.998, 2012, Jan Average, Tanzania, United Republic of, TZA
23.6619, 2012, Feb Average, Tanzania, United Republic of, TZA
23.6267, 2012, Mar Average, Tanzania, United Republic of, TZA
22.6967, 2012, Apr Average, Tanzania, United Republic of, TZA
22.1184, 2012, May Average, Tanzania, United Republic of, TZA
20.9237, 2012, Jun Average, Tanzania, United Republic of, TZA
20.6298, 2012, Jul Average, Tanzania, United Republic of, TZA
21.9907, 2012, Aug Average, Tanzania, United Republic of, TZA
23.182, 2012, Sep Average, Tanzania, United Republic of, TZA
24.66, 2012, Oct Average, Tanzania, United Republic of, TZA
24.2678, 2012, Nov Average, Tanzania, United Republic of, TZA
23.7015, 2012, Dec Average, Tanzania, United Republic of, TZA
23.7156, 2013, Jan Average, Tanzania, United Republic of, TZA
23.95, 2013, Feb Average, Tanzania, United Republic of, TZA
23.573, 2013, Mar Average, Tanzania, United Republic of, TZA
22.1629, 2013, Apr Average, Tanzania, United Republic of, TZA
22.3001, 2013, May Average, Tanzania, United Republic of, TZA
20.6108, 2013, Jun Average, Tanzania, United Republic of, TZA
20.9818, 2013, Jul Average, Tanzania, United Republic of, TZA
21.6901, 2013, Aug Average, Tanzania, United Republic of, TZA
23.5657, 2013, Sep Average, Tanzania, United Republic of, TZA
24.1138, 2013, Oct Average, Tanzania, United Republic of, TZA
24.5623, 2013, Nov Average, Tanzania, United Republic of, TZA
23.6622, 2013, Dec Average, Tanzania, United Republic of, TZA
23.5772, 2014, Jan Average, Tanzania, United Republic of, TZA
23.518, 2014, Feb Average, Tanzania, United Republic of, TZA
23.3981, 2014, Mar Average, Tanzania, United Republic of, TZA
22.4674, 2014, Apr Average, Tanzania, United Republic of, TZA
23.1728, 2014, May Average, Tanzania, United Republic of, TZA
21.5055, 2014, Jun Average, Tanzania, United Republic of, TZA
21.4752, 2014, Jul Average, Tanzania, United Republic of, TZA
21.2949, 2014, Aug Average, Tanzania, United Republic of, TZA
23.1467, 2014, Sep Average, Tanzania, United Republic of, TZA
23.5525, 2014, Oct Average, Tanzania, United Republic of, TZA
24.3449, 2014, Nov Average, Tanzania, United Republic of, TZA
24.4296, 2014, Dec Average, Tanzania, United Republic of, TZA
23.556, 2015, Jan Average, Tanzania, United Republic of, TZA
23.7412, 2015, Feb Average, Tanzania, United Republic of, TZA
23.5217, 2015, Mar Average, Tanzania, United Republic of, TZA
22.6098, 2015, Apr Average, Tanzania, United Republic of, TZA
22.0059, 2015, May Average, Tanzania, United Republic of, TZA
21.4699, 2015, Jun Average, Tanzania, United Republic of, TZA
21.2889, 2015, Jul Average, Tanzania, United Republic of, TZA
22.075, 2015, Aug Average, Tanzania, United Republic of, TZA
23.659, 2015, Sep Average, Tanzania, United Republic of, TZA
24.8323, 2015, Oct Average, Tanzania, United Republic of, TZA
23.8834, 2015, Nov Average, Tanzania, United Republic of, TZA
24.3434, 2015, Dec Average, Tanzania, United Republic of, TZA
24.369, 2016, Jan Average, Tanzania, United Republic of, TZA
24.4467, 2016, Feb Average, Tanzania, United Republic of, TZA
24.5842, 2016, Mar Average, Tanzania, United Republic of, TZA
23.1199, 2016, Apr Average, Tanzania, United Republic of, TZA
22.273, 2016, May Average, Tanzania, United Republic of, TZA
21.3685, 2016, Jun Average, Tanzania, United Republic of, TZA
21.2569, 2016, Jul Average, Tanzania, United Republic of, TZA
21.7738, 2016, Aug Average, Tanzania, United Republic of, TZA
22.7673, 2016, Sep Average, Tanzania, United Republic of, TZA
24.1798, 2016, Oct Average, Tanzania, United Republic of, TZA
24.2878, 2016, Nov Average, Tanzania, United Republic of, TZA
24.457, 2016, Dec Average, Tanzania, United Republic of, TZA
