Temperature - (Celsius), Year, Statistics, Country, ISO3
19.9731, 1991, Jan Average, Burundi, BDI
21.0837, 1991, Feb Average, Burundi, BDI
21.151, 1991, Mar Average, Burundi, BDI
20.5624, 1991, Apr Average, Burundi, BDI
20.8977, 1991, May Average, Burundi, BDI
20.1283, 1991, Jun Average, Burundi, BDI
19.3619, 1991, Jul Average, Burundi, BDI
20.2154, 1991, Aug Average, Burundi, BDI
21.1556, 1991, Sep Average, Burundi, BDI
21.405, 1991, Oct Average, Burundi, BDI
20.2942, 1991, Nov Average, Burundi, BDI
20.0071, 1991, Dec Average, Burundi, BDI
20.2539, 1992, Jan Average, Burundi, BDI
20.8592, 1992, Feb Average, Burundi, BDI
21.0974, 1992, Mar Average, Burundi, BDI
21.0802, 1992, Apr Average, Burundi, BDI
20.5242, 1992, May Average, Burundi, BDI
20.2062, 1992, Jun Average, Burundi, BDI
19.3258, 1992, Jul Average, Burundi, BDI
20.3809, 1992, Aug Average, Burundi, BDI
21.2479, 1992, Sep Average, Burundi, BDI
20.9093, 1992, Oct Average, Burundi, BDI
20.1692, 1992, Nov Average, Burundi, BDI
20.0057, 1992, Dec Average, Burundi, BDI
19.576, 1993, Jan Average, Burundi, BDI
20.257, 1993, Feb Average, Burundi, BDI
20.0684, 1993, Mar Average, Burundi, BDI
20.5546, 1993, Apr Average, Burundi, BDI
20.3593, 1993, May Average, Burundi, BDI
20.3392, 1993, Jun Average, Burundi, BDI
19.6337, 1993, Jul Average, Burundi, BDI
21.1595, 1993, Aug Average, Burundi, BDI
20.6494, 1993, Sep Average, Burundi, BDI
20.8882, 1993, Oct Average, Burundi, BDI
21.9022, 1993, Nov Average, Burundi, BDI
20.4797, 1993, Dec Average, Burundi, BDI
19.7059, 1994, Jan Average, Burundi, BDI
20.5599, 1994, Feb Average, Burundi, BDI
19.9719, 1994, Mar Average, Burundi, BDI
20.3173, 1994, Apr Average, Burundi, BDI
20.7725, 1994, May Average, Burundi, BDI
19.7768, 1994, Jun Average, Burundi, BDI
18.8897, 1994, Jul Average, Burundi, BDI
21.3217, 1994, Aug Average, Burundi, BDI
21.7972, 1994, Sep Average, Burundi, BDI
21.1478, 1994, Oct Average, Burundi, BDI
20.4856, 1994, Nov Average, Burundi, BDI
20.4496, 1994, Dec Average, Burundi, BDI
20.2045, 1995, Jan Average, Burundi, BDI
20.5319, 1995, Feb Average, Burundi, BDI
20.8972, 1995, Mar Average, Burundi, BDI
21.0402, 1995, Apr Average, Burundi, BDI
20.5798, 1995, May Average, Burundi, BDI
20.3132, 1995, Jun Average, Burundi, BDI
19.9191, 1995, Jul Average, Burundi, BDI
21.6765, 1995, Aug Average, Burundi, BDI
21.3791, 1995, Sep Average, Burundi, BDI
21.7577, 1995, Oct Average, Burundi, BDI
21.7391, 1995, Nov Average, Burundi, BDI
21.029, 1995, Dec Average, Burundi, BDI
20.9886, 1996, Jan Average, Burundi, BDI
20.6078, 1996, Feb Average, Burundi, BDI
20.5145, 1996, Mar Average, Burundi, BDI
20.0173, 1996, Apr Average, Burundi, BDI
20.1898, 1996, May Average, Burundi, BDI
19.8889, 1996, Jun Average, Burundi, BDI
20.0012, 1996, Jul Average, Burundi, BDI
20.5886, 1996, Aug Average, Burundi, BDI
20.9234, 1996, Sep Average, Burundi, BDI
21.0552, 1996, Oct Average, Burundi, BDI
21.3755, 1996, Nov Average, Burundi, BDI
21.5834, 1996, Dec Average, Burundi, BDI
21.5283, 1997, Jan Average, Burundi, BDI
21.0643, 1997, Feb Average, Burundi, BDI
20.7756, 1997, Mar Average, Burundi, BDI
20.8477, 1997, Apr Average, Burundi, BDI
20.6297, 1997, May Average, Burundi, BDI
20.5374, 1997, Jun Average, Burundi, BDI
20.1709, 1997, Jul Average, Burundi, BDI
19.7504, 1997, Aug Average, Burundi, BDI
22.2501, 1997, Sep Average, Burundi, BDI
21.9068, 1997, Oct Average, Burundi, BDI
20.9425, 1997, Nov Average, Burundi, BDI
20.3388, 1997, Dec Average, Burundi, BDI
20.3108, 1998, Jan Average, Burundi, BDI
21.3971, 1998, Feb Average, Burundi, BDI
21.0619, 1998, Mar Average, Burundi, BDI
20.4042, 1998, Apr Average, Burundi, BDI
20.5038, 1998, May Average, Burundi, BDI
20.1028, 1998, Jun Average, Burundi, BDI
20.4326, 1998, Jul Average, Burundi, BDI
20.9501, 1998, Aug Average, Burundi, BDI
21.7126, 1998, Sep Average, Burundi, BDI
21.6169, 1998, Oct Average, Burundi, BDI
21.289, 1998, Nov Average, Burundi, BDI
20.8693, 1998, Dec Average, Burundi, BDI
20.7204, 1999, Jan Average, Burundi, BDI
21.9713, 1999, Feb Average, Burundi, BDI
20.6481, 1999, Mar Average, Burundi, BDI
20.521, 1999, Apr Average, Burundi, BDI
20.3979, 1999, May Average, Burundi, BDI
19.8868, 1999, Jun Average, Burundi, BDI
19.6468, 1999, Jul Average, Burundi, BDI
20.7873, 1999, Aug Average, Burundi, BDI
21.4663, 1999, Sep Average, Burundi, BDI
20.9344, 1999, Oct Average, Burundi, BDI
20.3775, 1999, Nov Average, Burundi, BDI
21.1445, 1999, Dec Average, Burundi, BDI
20.5219, 2000, Jan Average, Burundi, BDI
20.8951, 2000, Feb Average, Burundi, BDI
20.7017, 2000, Mar Average, Burundi, BDI
21.1941, 2000, Apr Average, Burundi, BDI
21.5562, 2000, May Average, Burundi, BDI
19.9607, 2000, Jun Average, Burundi, BDI
20.0719, 2000, Jul Average, Burundi, BDI
21.7565, 2000, Aug Average, Burundi, BDI
21.3446, 2000, Sep Average, Burundi, BDI
21.5541, 2000, Oct Average, Burundi, BDI
20.8279, 2000, Nov Average, Burundi, BDI
19.673, 2000, Dec Average, Burundi, BDI
20.6988, 2001, Jan Average, Burundi, BDI
21.4247, 2001, Feb Average, Burundi, BDI
21.0922, 2001, Mar Average, Burundi, BDI
21.1299, 2001, Apr Average, Burundi, BDI
21.0245, 2001, May Average, Burundi, BDI
19.7372, 2001, Jun Average, Burundi, BDI
19.9649, 2001, Jul Average, Burundi, BDI
21.45, 2001, Aug Average, Burundi, BDI
21.939, 2001, Sep Average, Burundi, BDI
21.9169, 2001, Oct Average, Burundi, BDI
21.5135, 2001, Nov Average, Burundi, BDI
20.6559, 2001, Dec Average, Burundi, BDI
20.9961, 2002, Jan Average, Burundi, BDI
21.9626, 2002, Feb Average, Burundi, BDI
21.1288, 2002, Mar Average, Burundi, BDI
21.3545, 2002, Apr Average, Burundi, BDI
21.0519, 2002, May Average, Burundi, BDI
20.01, 2002, Jun Average, Burundi, BDI
21.1314, 2002, Jul Average, Burundi, BDI
21.6338, 2002, Aug Average, Burundi, BDI
22.1662, 2002, Sep Average, Burundi, BDI
21.8742, 2002, Oct Average, Burundi, BDI
20.9192, 2002, Nov Average, Burundi, BDI
20.9483, 2002, Dec Average, Burundi, BDI
21.3873, 2003, Jan Average, Burundi, BDI
21.4762, 2003, Feb Average, Burundi, BDI
21.8509, 2003, Mar Average, Burundi, BDI
21.4406, 2003, Apr Average, Burundi, BDI
21.2498, 2003, May Average, Burundi, BDI
20.527, 2003, Jun Average, Burundi, BDI
20.1641, 2003, Jul Average, Burundi, BDI
21.1896, 2003, Aug Average, Burundi, BDI
22.0033, 2003, Sep Average, Burundi, BDI
21.8206, 2003, Oct Average, Burundi, BDI
21.8653, 2003, Nov Average, Burundi, BDI
22.0702, 2003, Dec Average, Burundi, BDI
21.9266, 2004, Jan Average, Burundi, BDI
21.7979, 2004, Feb Average, Burundi, BDI
21.3283, 2004, Mar Average, Burundi, BDI
20.7464, 2004, Apr Average, Burundi, BDI
20.9319, 2004, May Average, Burundi, BDI
20.1042, 2004, Jun Average, Burundi, BDI
20.8295, 2004, Jul Average, Burundi, BDI
22.4225, 2004, Aug Average, Burundi, BDI
21.6552, 2004, Sep Average, Burundi, BDI
21.7305, 2004, Oct Average, Burundi, BDI
21.0143, 2004, Nov Average, Burundi, BDI
20.5006, 2004, Dec Average, Burundi, BDI
20.2554, 2005, Jan Average, Burundi, BDI
23.1367, 2005, Feb Average, Burundi, BDI
22.1088, 2005, Mar Average, Burundi, BDI
21.6795, 2005, Apr Average, Burundi, BDI
20.6991, 2005, May Average, Burundi, BDI
20.9897, 2005, Jun Average, Burundi, BDI
19.936, 2005, Jul Average, Burundi, BDI
21.5638, 2005, Aug Average, Burundi, BDI
22.169, 2005, Sep Average, Burundi, BDI
21.7018, 2005, Oct Average, Burundi, BDI
21.8283, 2005, Nov Average, Burundi, BDI
22.9797, 2005, Dec Average, Burundi, BDI
21.8142, 2006, Jan Average, Burundi, BDI
21.4755, 2006, Feb Average, Burundi, BDI
21.6098, 2006, Mar Average, Burundi, BDI
20.3369, 2006, Apr Average, Burundi, BDI
20.0982, 2006, May Average, Burundi, BDI
19.7312, 2006, Jun Average, Burundi, BDI
20.5733, 2006, Jul Average, Burundi, BDI
21.4419, 2006, Aug Average, Burundi, BDI
20.9661, 2006, Sep Average, Burundi, BDI
22.3646, 2006, Oct Average, Burundi, BDI
20.4021, 2006, Nov Average, Burundi, BDI
19.3295, 2006, Dec Average, Burundi, BDI
20.824, 2007, Jan Average, Burundi, BDI
20.5542, 2007, Feb Average, Burundi, BDI
21.1774, 2007, Mar Average, Burundi, BDI
20.531, 2007, Apr Average, Burundi, BDI
21.1298, 2007, May Average, Burundi, BDI
19.5982, 2007, Jun Average, Burundi, BDI
18.9952, 2007, Jul Average, Burundi, BDI
20.8753, 2007, Aug Average, Burundi, BDI
21.8757, 2007, Sep Average, Burundi, BDI
21.7859, 2007, Oct Average, Burundi, BDI
20.6049, 2007, Nov Average, Burundi, BDI
20.5764, 2007, Dec Average, Burundi, BDI
21.3738, 2008, Jan Average, Burundi, BDI
20.2109, 2008, Feb Average, Burundi, BDI
20.1821, 2008, Mar Average, Burundi, BDI
19.8966, 2008, Apr Average, Burundi, BDI
20.0876, 2008, May Average, Burundi, BDI
19.2075, 2008, Jun Average, Burundi, BDI
20.2996, 2008, Jul Average, Burundi, BDI
21.3149, 2008, Aug Average, Burundi, BDI
22.3356, 2008, Sep Average, Burundi, BDI
21.2216, 2008, Oct Average, Burundi, BDI
20.6334, 2008, Nov Average, Burundi, BDI
20.2044, 2008, Dec Average, Burundi, BDI
21.7504, 2009, Jan Average, Burundi, BDI
20.1958, 2009, Feb Average, Burundi, BDI
20.9105, 2009, Mar Average, Burundi, BDI
21.2799, 2009, Apr Average, Burundi, BDI
20.9419, 2009, May Average, Burundi, BDI
20.4527, 2009, Jun Average, Burundi, BDI
20.9818, 2009, Jul Average, Burundi, BDI
21.6577, 2009, Aug Average, Burundi, BDI
22.3391, 2009, Sep Average, Burundi, BDI
22.2218, 2009, Oct Average, Burundi, BDI
20.6507, 2009, Nov Average, Burundi, BDI
21.2248, 2009, Dec Average, Burundi, BDI
21.213, 2010, Jan Average, Burundi, BDI
20.6778, 2010, Feb Average, Burundi, BDI
21.0378, 2010, Mar Average, Burundi, BDI
21.3915, 2010, Apr Average, Burundi, BDI
20.9767, 2010, May Average, Burundi, BDI
20.3882, 2010, Jun Average, Burundi, BDI
20.1599, 2010, Jul Average, Burundi, BDI
21.2402, 2010, Aug Average, Burundi, BDI
21.8374, 2010, Sep Average, Burundi, BDI
22.2312, 2010, Oct Average, Burundi, BDI
21.1817, 2010, Nov Average, Burundi, BDI
20.7882, 2010, Dec Average, Burundi, BDI
20.7342, 2011, Jan Average, Burundi, BDI
20.5327, 2011, Feb Average, Burundi, BDI
20.6898, 2011, Mar Average, Burundi, BDI
20.9716, 2011, Apr Average, Burundi, BDI
21.2695, 2011, May Average, Burundi, BDI
20.3468, 2011, Jun Average, Burundi, BDI
20.2824, 2011, Jul Average, Burundi, BDI
21.1062, 2011, Aug Average, Burundi, BDI
21.7723, 2011, Sep Average, Burundi, BDI
20.5144, 2011, Oct Average, Burundi, BDI
19.5177, 2011, Nov Average, Burundi, BDI
19.5603, 2011, Dec Average, Burundi, BDI
19.7356, 2012, Jan Average, Burundi, BDI
21.0639, 2012, Feb Average, Burundi, BDI
20.6745, 2012, Mar Average, Burundi, BDI
20.4238, 2012, Apr Average, Burundi, BDI
20.2589, 2012, May Average, Burundi, BDI
20.02, 2012, Jun Average, Burundi, BDI
20.1218, 2012, Jul Average, Burundi, BDI
21.4648, 2012, Aug Average, Burundi, BDI
22.5995, 2012, Sep Average, Burundi, BDI
22.2494, 2012, Oct Average, Burundi, BDI
21.052, 2012, Nov Average, Burundi, BDI
20.1954, 2012, Dec Average, Burundi, BDI
20.8031, 2013, Jan Average, Burundi, BDI
21.1067, 2013, Feb Average, Burundi, BDI
20.7654, 2013, Mar Average, Burundi, BDI
18.8432, 2013, Apr Average, Burundi, BDI
20.6569, 2013, May Average, Burundi, BDI
19.3153, 2013, Jun Average, Burundi, BDI
20.8496, 2013, Jul Average, Burundi, BDI
21.2297, 2013, Aug Average, Burundi, BDI
22.3008, 2013, Sep Average, Burundi, BDI
21.8853, 2013, Oct Average, Burundi, BDI
21.3007, 2013, Nov Average, Burundi, BDI
20.2524, 2013, Dec Average, Burundi, BDI
20.7, 2014, Jan Average, Burundi, BDI
20.638, 2014, Feb Average, Burundi, BDI
20.6915, 2014, Mar Average, Burundi, BDI
20.0365, 2014, Apr Average, Burundi, BDI
21.9494, 2014, May Average, Burundi, BDI
20.7098, 2014, Jun Average, Burundi, BDI
21.0252, 2014, Jul Average, Burundi, BDI
20.0987, 2014, Aug Average, Burundi, BDI
22.1828, 2014, Sep Average, Burundi, BDI
20.5446, 2014, Oct Average, Burundi, BDI
21.1099, 2014, Nov Average, Burundi, BDI
20.4471, 2014, Dec Average, Burundi, BDI
20.6507, 2015, Jan Average, Burundi, BDI
20.8424, 2015, Feb Average, Burundi, BDI
20.6977, 2015, Mar Average, Burundi, BDI
19.6545, 2015, Apr Average, Burundi, BDI
20.0707, 2015, May Average, Burundi, BDI
20.4208, 2015, Jun Average, Burundi, BDI
20.266, 2015, Jul Average, Burundi, BDI
21.3897, 2015, Aug Average, Burundi, BDI
22.3725, 2015, Sep Average, Burundi, BDI
22.1571, 2015, Oct Average, Burundi, BDI
19.967, 2015, Nov Average, Burundi, BDI
20.7931, 2015, Dec Average, Burundi, BDI
21.9844, 2016, Jan Average, Burundi, BDI
21.4975, 2016, Feb Average, Burundi, BDI
21.5936, 2016, Mar Average, Burundi, BDI
20.715, 2016, Apr Average, Burundi, BDI
20.6128, 2016, May Average, Burundi, BDI
20.547, 2016, Jun Average, Burundi, BDI
20.8315, 2016, Jul Average, Burundi, BDI
21.1086, 2016, Aug Average, Burundi, BDI
21.3504, 2016, Sep Average, Burundi, BDI
21.7293, 2016, Oct Average, Burundi, BDI
21.2053, 2016, Nov Average, Burundi, BDI
21.2877, 2016, Dec Average, Burundi, BDI
